{"count":1,"self":129096.6269952,"total":140236.5933751,"children":{"InitializeActuators":{"count":1,"self":0.0019963999999999997,"total":0.0019963999999999997,"children":null},"InitializeSensors":{"count":1,"self":0.0039933,"total":0.0039933,"children":null},"AgentSendState":{"count":12621401,"self":201.94763519999998,"total":313.4522267,"children":{"CollectObservations":{"count":1262141,"self":17.486456,"total":17.486455799999998,"children":null},"WriteActionMask":{"count":1262141,"self":3.3291714,"total":3.3291714,"children":null},"RequestDecision":{"count":1262141,"self":15.8771664,"total":90.68895959999999,"children":{"AgentInfo.ToProto":{"count":1262141,"self":17.253300799999998,"total":74.8117937,"children":{"GenerateSensorData":{"count":1262141,"self":47.326150399999996,"total":57.558492699999995,"children":{"RayPerceptionSensor.Perceive":{"count":1262141,"self":10.2323408,"total":10.232340899999999,"children":null}}}}}}}}},"DecideAction":{"count":12621401,"self":10490.982399999999,"total":10490.982537599999,"children":null},"AgentAct":{"count":12621401,"self":334.7847168,"total":335.4898249,"children":{"AgentInfo.ToProto":{"count":12520,"self":0.1737993,"total":0.7051019,"children":{"GenerateSensorData":{"count":12520,"self":0.4365537,"total":0.5313026,"children":{"RayPerceptionSensor.Perceive":{"count":12520,"self":0.0947489,"total":0.0947489,"children":null}}}}}}},"AgentInfo.ToProto":{"count":675,"self":0.0099809,"total":0.031275899999999995,"children":{"GenerateSensorData":{"count":675,"self":0.0155698,"total":0.021294999999999998,"children":{"RayPerceptionSensor.Perceive":{"count":675,"self":0.0057252,"total":0.0057252,"children":null}}}}}},"gauges":{"CarAgentBehavior.CumulativeReward":{"count":13195,"max":17.3865585,"min":-3.93043232,"runningAverage":14.1617317,"value":17.0693378,"weightedAverage":16.5594273}},"metadata":{"timer_format_version":"0.1.0","start_time_seconds":"1746904030","unity_version":"2022.3.62f1","command_line_arguments":"C:\\Program Files\\Unity\\Hub\\Editor\\2022.3.62f1\\Editor\\Unity.exe -projectpath C:\\Users\\JANE\\Reinforcement Learning\\CarParkingRL -useHub -hubIPC -cloudEnvironment production -licensingIpc LicenseClient-JANE -hubSessionId 385a6dc4-e981-473b-9538-7d1947937b93 -accessToken bwllm4F6ScBBDA9VMEHKAn8IL_rWt77qGBhw6I4A_tA007f","communication_protocol_version":"1.5.0","com.unity.ml-agents_version":"2.2.1-exp.1","scene_name":"ParkingScene","end_time_seconds":"1747044267"}}