{
    "name": "root",
    "gauges": {
        "CarAgentBehavior.Policy.Entropy.mean": {
            "value": 1.625458002090454,
            "min": 1.423319935798645,
            "max": 1.6621414422988892,
            "count": 42
        },
        "CarAgentBehavior.Policy.Entropy.sum": {
            "value": 48770.2421875,
            "min": 42786.421875,
            "max": 49925.7421875,
            "count": 42
        },
        "CarAgentBehavior.Environment.EpisodeLength.mean": {
            "value": 98.02310231023102,
            "min": 64.6353711790393,
            "max": 98.02310231023102,
            "count": 42
        },
        "CarAgentBehavior.Environment.EpisodeLength.sum": {
            "value": 29701.0,
            "min": 29599.0,
            "max": 29776.0,
            "count": 42
        },
        "CarAgentBehavior.Step.mean": {
            "value": 1259933.0,
            "min": 29961.0,
            "max": 1259933.0,
            "count": 42
        },
        "CarAgentBehavior.Step.sum": {
            "value": 1259933.0,
            "min": 29961.0,
            "max": 1259933.0,
            "count": 42
        },
        "CarAgentBehavior.Policy.ExtrinsicValueEstimate.mean": {
            "value": 16.68891716003418,
            "min": 2.2660343647003174,
            "max": 16.862855911254883,
            "count": 42
        },
        "CarAgentBehavior.Policy.ExtrinsicValueEstimate.sum": {
            "value": 5056.7421875,
            "min": 770.4517211914062,
            "max": 5245.1689453125,
            "count": 42
        },
        "CarAgentBehavior.Policy.CuriosityValueEstimate.mean": {
            "value": 1.0693055391311646,
            "min": 0.5070555806159973,
            "max": 30.86860466003418,
            "count": 42
        },
        "CarAgentBehavior.Policy.CuriosityValueEstimate.sum": {
            "value": 323.99957275390625,
            "min": 156.17312622070312,
            "max": 10680.537109375,
            "count": 42
        },
        "CarAgentBehavior.Environment.CumulativeReward.mean": {
            "value": 16.25381904151967,
            "min": 3.5426235783282722,
            "max": 16.283862442758522,
            "count": 42
        },
        "CarAgentBehavior.Environment.CumulativeReward.sum": {
            "value": 4924.90716958046,
            "min": 1531.3329364955425,
            "max": 4978.385120630264,
            "count": 42
        },
        "CarAgentBehavior.Policy.ExtrinsicReward.mean": {
            "value": 16.25381904151967,
            "min": 3.5426235783282722,
            "max": 16.283862442758522,
            "count": 42
        },
        "CarAgentBehavior.Policy.ExtrinsicReward.sum": {
            "value": 4924.90716958046,
            "min": 1531.3329364955425,
            "max": 4978.385120630264,
            "count": 42
        },
        "CarAgentBehavior.Policy.CuriosityReward.mean": {
            "value": 1.1379396945434828,
            "min": 0.5469269807904195,
            "max": 39.698509790525485,
            "count": 42
        },
        "CarAgentBehavior.Policy.CuriosityReward.sum": {
            "value": 344.7957274466753,
            "min": 170.64121800661087,
            "max": 13735.684387521818,
            "count": 42
        },
        "CarAgentBehavior.Losses.PolicyLoss.mean": {
            "value": 0.06765393406439693,
            "min": 0.057647391205440116,
            "max": 0.12256030782177704,
            "count": 42
        },
        "CarAgentBehavior.Losses.PolicyLoss.sum": {
            "value": 0.947155076901557,
            "min": 0.8070634768761616,
            "max": 1.7158443095048785,
            "count": 42
        },
        "CarAgentBehavior.Losses.ValueLoss.mean": {
            "value": 0.1847336978710137,
            "min": 0.01649277714653484,
            "max": 11.98199597329256,
            "count": 42
        },
        "CarAgentBehavior.Losses.ValueLoss.sum": {
            "value": 2.586271770194192,
            "min": 0.24739165719802259,
            "max": 167.74794362609586,
            "count": 42
        },
        "CarAgentBehavior.Policy.LearningRate.mean": {
            "value": 0.00026264460173751786,
            "min": 0.00026264460173751786,
            "max": 0.00029952668158634427,
            "count": 42
        },
        "CarAgentBehavior.Policy.LearningRate.sum": {
            "value": 0.0036770244243252504,
            "min": 0.0036770244243252504,
            "max": 0.004452716325761229,
            "count": 42
        },
        "CarAgentBehavior.Policy.Epsilon.mean": {
            "value": 0.18754819642857143,
            "min": 0.18754819642857143,
            "max": 0.19984222714285718,
            "count": 42
        },
        "CarAgentBehavior.Policy.Epsilon.sum": {
            "value": 2.62567475,
            "min": 2.62567475,
            "max": 2.98423877,
            "count": 42
        },
        "CarAgentBehavior.Policy.Beta.mean": {
            "value": 0.008756064823214284,
            "min": 0.008756064823214284,
            "max": 0.009984238491571429,
            "count": 42
        },
        "CarAgentBehavior.Policy.Beta.sum": {
            "value": 0.12258490752499998,
            "min": 0.12258490752499998,
            "max": 0.148425453123,
            "count": 42
        },
        "CarAgentBehavior.Losses.CuriosityForwardLoss.mean": {
            "value": 0.9381725904310033,
            "min": 0.2790966508688316,
            "max": 311.4728824756153,
            "count": 42
        },
        "CarAgentBehavior.Losses.CuriosityForwardLoss.sum": {
            "value": 13.134416266034046,
            "min": 3.907353112163643,
            "max": 4360.620354658614,
            "count": 42
        },
        "CarAgentBehavior.Losses.CuriosityInverseLoss.mean": {
            "value": 3.8483306573969984,
            "min": 2.028215163697799,
            "max": 714.8805139483441,
            "count": 42
        },
        "CarAgentBehavior.Losses.CuriosityInverseLoss.sum": {
            "value": 53.876629203557975,
            "min": 28.39501229176919,
            "max": 10008.327195276817,
            "count": 42
        },
        "CarAgentBehavior.IsTraining.mean": {
            "value": 1.0,
            "min": 1.0,
            "max": 1.0,
            "count": 42
        },
        "CarAgentBehavior.IsTraining.sum": {
            "value": 1.0,
            "min": 1.0,
            "max": 1.0,
            "count": 42
        }
    },
    "metadata": {
        "timer_format_version": "0.1.0",
        "start_time_seconds": "1746904021",
        "python_version": "3.8.20 (default, Oct  3 2024, 15:19:54) [MSC v.1929 64 bit (AMD64)]",
        "command_line_arguments": "C:\\Users\\JANE\\anaconda3\\envs\\mlagents_env\\Scripts\\mlagents-learn C:\\Users\\JANE\\Reinforcement Learning\\CarParkingRL\\parking_config.yaml --run-id=CarParking_Run_0 --no-graphics",
        "mlagents_version": "0.28.0",
        "mlagents_envs_version": "0.28.0",
        "communication_protocol_version": "1.5.0",
        "pytorch_version": "1.13.1+cpu",
        "numpy_version": "1.21.2",
        "end_time_seconds": "1746923006"
    },
    "total": 18984.7994949,
    "count": 1,
    "self": 0.022240899997996166,
    "children": {
        "run_training.setup": {
            "total": 0.17853709999999978,
            "count": 1,
            "self": 0.17853709999999978
        },
        "TrainerController.start_learning": {
            "total": 18984.5987169,
            "count": 1,
            "self": 48.088227499392815,
            "children": {
                "TrainerController._reset_env": {
                    "total": 10.0809018,
                    "count": 1,
                    "self": 10.0809018
                },
                "TrainerController.advance": {
                    "total": 18926.165560800608,
                    "count": 1274128,
                    "self": 48.2661942005725,